item_id,order_id,product_id,quantity,unit_price,discount_percent
ITEM_1,ORD_309,PROD_344,6,262.71,14.12
ITEM_2,ORD_382,PROD_4,4,221.92,17.68
ITEM_3,ORD_516,PROD_499,3,402.69,88.91
ITEM_4,ORD_160,PROD_199,8,273.05,46.58
ITEM_5,ORD_18,PROD_281,8,410.02,14.57
ITEM_6,ORD_345,PROD_77,10,391.52,27.1
ITEM_7,ORD_293,PROD_414,9,33.61,5.37
ITEM_8,ORD_80,PROD_402,1,67.27,8.89
ITEM_9,ORD_174,PROD_322,8,383.63,10.16
ITEM_10,ORD_350,PROD_307,1,24.7,5.7
ITEM_11,ORD_326,PROD_36,5,510.92,83.89
ITEM_12,ORD_272,PROD_133,1,148.82,88.56
ITEM_13,ORD_209,PROD_490,2,466.12,22.43
ITEM_14,ORD_209,PROD_127,7,462.32,8.63
ITEM_15,ORD_56,PROD_425,4,427.66,17.3
ITEM_16,ORD_431,PROD_422,1,103.37,10.96
ITEM_17,ORD_231,PROD_258,7,473.95,57.84
ITEM_18,ORD_486,PROD_446,1,458.29,99.15
ITEM_19,ORD_464,PROD_255,-3,33.92,32.7
ITEM_20,ORD_205,PROD_460,4,336.37,15.87
ITEM_21,ORD_329,PROD_242,8,412.16,5.01
ITEM_22,ORD_499,PROD_358,3,437.2,5.86
ITEM_23,ORD_112,PROD_217,4,116.2,46.76
ITEM_24,ORD_306,PROD_46,4,300.76,27.68
ITEM_25,ORD_85,PROD_170,4,352.87,38.14
ITEM_26,ORD_375,PROD_93,2,364.19,1.91
ITEM_27,ORD_45,PROD_182,10,280.71,47.27
ITEM_28,ORD_442,PROD_204,2,165.25,75.93
ITEM_29,ORD_218,PROD_495,4,445.46,16.73
ITEM_30,ORD_396,PROD_312,8,367.69,30.95
ITEM_31,ORD_292,PROD_16,3,210.94,45.94
ITEM_32,ORD_404,PROD_257,10,576.18,58.14
ITEM_33,ORD_213,PROD_215,7,381.75,85.35
ITEM_34,ORD_31,PROD_314,6,245.84,42.52
ITEM_35,ORD_144,PROD_8,6,564.72,92.13
ITEM_36,ORD_367,PROD_166,9,498.27,53.75
ITEM_37,ORD_165,PROD_306,10,536.58,68.65
ITEM_38,ORD_454,PROD_141,10,278.33,7.77
ITEM_39,ORD_1,PROD_495,3,59.85,35.12
ITEM_40,ORD_445,PROD_417,1,174.14,26.35
ITEM_41,ORD_53,PROD_490,7,20.63,92.76
ITEM_42,ORD_242,PROD_315,3,501.92,79.9
ITEM_43,ORD_230,PROD_364,6,272.04,70.12
ITEM_44,ORD_369,PROD_310,5,118.25,40.9
ITEM_45,ORD_373,PROD_249,5,416.15,57.42
ITEM_46,ORD_455,PROD_129,10,151.52,90.19
ITEM_47,ORD_412,PROD_185,1,117.95,49.85
ITEM_48,ORD_301,PROD_511,8,576.51,71.51
ITEM_49,ORD_516,PROD_179,8,99.76,87.22
ITEM_50,ORD_474,PROD_167,5,549.3,20.32
ITEM_51,ORD_456,PROD_431,6,55.66,99.37
ITEM_52,ORD_72,PROD_203,10,103.48,38.8
ITEM_53,ORD_221,PROD_487,10,131.87,90.9
ITEM_54,ORD_380,PROD_145,6,304.69,68.18
ITEM_55,ORD_132,PROD_287,9,336.21,87.3
ITEM_56,ORD_202,PROD_388,1,225.99,60.75
ITEM_57,ORD_454,PROD_220,2,172.19,0.55
ITEM_58,ORD_135,PROD_158,7,137.45,80.86
ITEM_59,ORD_203,PROD_460,3,236.88,59.45
ITEM_60,ORD_482,PROD_172,3,400.22,45.66
ITEM_61,ORD_157,PROD_328,1,554.87,3.14
ITEM_62,ORD_185,PROD_465,7,125.35,75.74
ITEM_63,ORD_4,PROD_346,7,64.41,17.82
ITEM_64,ORD_49,PROD_212,8,411.8,30.99
ITEM_65,ORD_44,PROD_78,1,136.83,96.42
ITEM_66,ORD_104,PROD_355,4,214.83,11.03
ITEM_67,ORD_134,PROD_303,7,503.22,31.93
ITEM_68,ORD_248,PROD_190,7,328.56,55.06
ITEM_69,ORD_187,PROD_39,8,64.36,68.31
ITEM_70,ORD_482,PROD_125,7,458.61,33.02
ITEM_71,ORD_325,PROD_280,1,349.6,46.02
ITEM_72,ORD_120,PROD_254,9,570.19,12.79
ITEM_73,ORD_251,PROD_89,3,575.69,20.08
ITEM_74,ORD_460,PROD_349,6,337.71,70.68
ITEM_75,ORD_275,PROD_309,10,495.69,17.14
ITEM_76,ORD_355,PROD_138,9,502.84,10.77
ITEM_77,ORD_42,PROD_158,8,216.34,71.69
ITEM_78,ORD_143,PROD_498,2,252.08,14.62
ITEM_79,ORD_326,PROD_40,10,31.85,78.31
ITEM_80,ORD_220,PROD_49,8,563.17,40.03
ITEM_81,ORD_210,PROD_344,1,479.94,21.42
ITEM_82,ORD_96,PROD_473,3,38.79,68.79
ITEM_83,ORD_322,PROD_509,10,63.12,53.15
ITEM_84,ORD_468,PROD_327,10,395.24,70.37
ITEM_85,ORD_83,PROD_273,9,390.18,92.97
ITEM_86,ORD_43,PROD_317,9,552.65,71.75
ITEM_87,ORD_236,PROD_180,2,221.26,96.36
ITEM_88,ORD_518,PROD_75,6,478.41,58.62
ITEM_89,ORD_372,PROD_433,7,300.42,51.12
ITEM_90,ORD_217,PROD_469,2,173.77,65.56
ITEM_91,ORD_217,PROD_75,3,332.52,19.3
ITEM_92,ORD_487,PROD_402,1,15.95,27.12
ITEM_93,ORD_411,PROD_286,4,431.38,70.76
ITEM_94,ORD_89,PROD_323,9,525.79,10.31
ITEM_95,ORD_69,PROD_51,9,233.17,32.55
ITEM_96,ORD_74,PROD_174,4,387.86,10.78
ITEM_97,ORD_486,PROD_28,9,51.9,45.01
ITEM_98,ORD_502,PROD_36,10,257.58,34.4
ITEM_99,ORD_235,PROD_476,5,61.05,42.46
ITEM_100,ORD_5,PROD_388,6,44.37,54.33
ITEM_101,ORD_377,PROD_164,8,382.71,47.94
ITEM_102,ORD_259,PROD_408,5,32.74,58.33
ITEM_103,ORD_169,PROD_240,3,168.63,92.01
ITEM_104,ORD_357,PROD_338,7,188.77,46.02
ITEM_105,ORD_512,PROD_441,5,283.06,80.35
ITEM_106,ORD_454,PROD_17,10,295.83,98.01
ITEM_107,ORD_352,PROD_428,7,496.88,76.37
ITEM_108,ORD_244,PROD_204,1,73.16,80.82
ITEM_109,ORD_107,PROD_291,4,95.98,18.0
ITEM_110,ORD_8,PROD_352,5,107.01,62.83
ITEM_111,ORD_415,PROD_226,4,515.33,48.19
ITEM_112,ORD_395,PROD_390,5,193.96,75.77
ITEM_113,ORD_183,PROD_503,3,381.8,63.31
ITEM_114,ORD_518,PROD_483,7,10.97,56.44
ITEM_115,ORD_332,PROD_174,7,325.14,87.37
ITEM_116,ORD_488,PROD_445,7,396.52,5.63
ITEM_117,ORD_156,PROD_159,7,233.88,19.93
ITEM_118,ORD_492,PROD_284,1,402.35,20.09
ITEM_119,ORD_414,PROD_505,4,130.39,99.89
ITEM_120,ORD_489,PROD_77,6,26.08,95.91
ITEM_121,ORD_225,PROD_73,2,426.19,51.35
ITEM_122,ORD_397,PROD_138,10,122.75,5.47
ITEM_123,ORD_307,PROD_432,2,14.59,37.16
ITEM_124,ORD_271,PROD_341,8,228.44,69.29
ITEM_125,ORD_420,PROD_3,9,253.5,62.77
ITEM_126,ORD_134,PROD_168,4,139.07,10.8
ITEM_127,ORD_437,PROD_293,8,151.92,28.91
ITEM_128,ORD_492,PROD_445,5,225.19,16.56
ITEM_129,ORD_486,PROD_458,3,277.82,23.54
ITEM_130,ORD_201,PROD_415,3,145.26,58.44
ITEM_131,ORD_193,PROD_38,5,258.68,32.05
ITEM_132,ORD_170,PROD_306,10,379.61,5.86
ITEM_133,ORD_166,PROD_181,5,452.55,55.44
ITEM_134,ORD_346,PROD_501,7,108.18,19.93
ITEM_135,ORD_510,PROD_201,8,318.5,2.36
ITEM_136,ORD_238,PROD_119,7,597.16,25.29
ITEM_137,ORD_379,PROD_481,-4,38.04,56.11
ITEM_138,ORD_216,PROD_234,7,527.87,57.17
ITEM_139,ORD_492,PROD_1,10,206.11,29.36
ITEM_140,ORD_193,PROD_299,4,53.42,24.9
ITEM_141,ORD_278,PROD_473,10,319.88,41.41
ITEM_142,ORD_79,PROD_441,2,300.09,42.6
ITEM_143,ORD_463,PROD_118,3,89.76,59.94
ITEM_144,ORD_308,PROD_187,3,291.07,6.75
ITEM_145,ORD_267,PROD_246,5,93.86,30.64
ITEM_146,ORD_317,PROD_92,7,131.16,33.67
ITEM_147,ORD_411,PROD_411,7,75.84,31.39
ITEM_148,ORD_188,PROD_502,1,300.48,56.52
ITEM_149,ORD_300,PROD_229,6,303.66,31.46
ITEM_150,ORD_374,PROD_441,8,447.29,46.84
ITEM_151,ORD_75,PROD_338,3,290.44,66.76
ITEM_152,ORD_336,PROD_108,8,121.75,69.19
ITEM_153,ORD_327,PROD_325,10,439.55,25.14
ITEM_154,ORD_282,PROD_167,5,89.33,62.87
ITEM_155,ORD_405,PROD_420,2,68.0,88.77
ITEM_156,ORD_130,PROD_121,-5,150.6,42.83
ITEM_157,ORD_440,PROD_304,8,277.82,46.23
ITEM_158,ORD_165,PROD_116,3,282.89,59.83
ITEM_159,ORD_185,PROD_74,2,59.35,79.38
ITEM_160,ORD_296,PROD_95,3,357.44,86.84
ITEM_161,ORD_494,PROD_5,4,439.17,80.95
ITEM_162,ORD_4,PROD_252,2,363.07,43.87
ITEM_163,ORD_72,PROD_283,9,34.04,0.14
ITEM_164,ORD_16,PROD_436,7,463.49,29.61
ITEM_165,ORD_150,PROD_242,8,257.75,55.7
ITEM_166,ORD_46,PROD_143,9,242.41,12.09
ITEM_167,ORD_311,PROD_138,4,159.8,75.26
ITEM_168,ORD_368,PROD_465,1,109.05,65.38
ITEM_169,ORD_403,PROD_494,9,523.91,78.74
ITEM_170,ORD_178,PROD_111,1,269.45,25.06
ITEM_171,ORD_293,PROD_478,3,156.39,40.76
ITEM_172,ORD_279,PROD_24,2,24.31,79.65
ITEM_173,ORD_204,PROD_359,10,169.78,33.97
ITEM_174,ORD_189,PROD_365,2,383.88,30.72
ITEM_175,ORD_199,PROD_207,9,329.76,61.13
ITEM_176,ORD_473,PROD_455,5,283.33,59.94
ITEM_177,ORD_320,PROD_320,5,243.38,7.21
ITEM_178,ORD_21,PROD_318,8,132.72,30.68
ITEM_179,ORD_358,PROD_267,10,192.85,8.63
ITEM_180,ORD_124,PROD_34,1,581.78,77.25
ITEM_181,ORD_381,PROD_285,4,562.51,64.14
ITEM_182,ORD_393,PROD_279,6,434.39,94.88
ITEM_183,ORD_512,PROD_517,9,347.09,62.01
ITEM_184,ORD_405,PROD_249,5,77.25,73.04
ITEM_185,ORD_417,PROD_48,7,373.32,25.76
ITEM_186,ORD_204,PROD_105,4,218.57,20.19
ITEM_187,ORD_254,PROD_39,7,145.18,20.67
ITEM_188,ORD_412,PROD_78,7,561.17,46.38
ITEM_189,ORD_287,PROD_158,2,479.12,13.66
ITEM_190,ORD_15,PROD_75,5,339.18,67.79
ITEM_191,ORD_17,PROD_142,1,32.82,93.25
ITEM_192,ORD_396,PROD_475,4,573.01,19.29
ITEM_193,ORD_249,PROD_96,6,118.65,1.69
ITEM_194,ORD_72,PROD_306,9,562.91,61.28
ITEM_195,ORD_461,PROD_108,8,273.34,19.23
ITEM_196,ORD_217,PROD_264,10,348.11,18.46
ITEM_197,ORD_358,PROD_87,-3,268.23,13.76
ITEM_198,ORD_35,PROD_156,7,218.85,48.9
ITEM_199,ORD_261,PROD_365,7,128.29,27.22
ITEM_200,ORD_41,PROD_176,7,196.53,3.5
ITEM_201,ORD_177,PROD_417,4,538.07,70.49
ITEM_202,ORD_470,PROD_169,7,577.64,9.65
ITEM_203,ORD_26,PROD_239,-5,328.38,13.82
ITEM_204,ORD_150,PROD_515,1,44.51,66.64
ITEM_205,ORD_17,PROD_215,3,378.04,1.3
ITEM_206,ORD_264,PROD_452,6,439.99,76.64
ITEM_207,ORD_312,PROD_210,7,487.73,46.24
ITEM_208,ORD_346,PROD_241,10,384.33,96.34
ITEM_209,ORD_434,PROD_393,3,550.68,37.72
ITEM_210,ORD_255,PROD_263,8,515.68,93.14
ITEM_211,ORD_429,PROD_310,6,402.38,9.43
ITEM_212,ORD_272,PROD_297,2,257.74,28.18
ITEM_213,ORD_72,PROD_393,5,398.61,95.04
ITEM_214,ORD_73,PROD_111,6,440.06,64.55
ITEM_215,ORD_172,PROD_53,1,211.03,45.83
ITEM_216,ORD_171,PROD_232,2,290.83,86.42
ITEM_217,ORD_159,PROD_358,8,105.16,92.56
ITEM_218,ORD_329,PROD_303,8,491.5,85.21
ITEM_219,ORD_330,PROD_358,8,484.2,96.81
ITEM_220,ORD_1,PROD_457,1,468.12,75.98
ITEM_221,ORD_426,PROD_147,7,597.62,48.19
ITEM_222,ORD_407,PROD_463,6,367.6,97.15
ITEM_223,ORD_50,PROD_473,6,194.83,14.98
ITEM_224,ORD_69,PROD_405,10,18.38,87.82
ITEM_225,ORD_289,PROD_274,3,296.82,5.01
ITEM_226,ORD_231,PROD_37,2,31.41,9.36
ITEM_227,ORD_270,PROD_43,6,529.68,46.76
ITEM_228,ORD_293,PROD_308,8,500.99,58.26
ITEM_229,ORD_378,PROD_359,8,535.53,45.66
ITEM_230,ORD_376,PROD_273,8,158.17,33.97
ITEM_231,ORD_272,PROD_291,4,108.49,89.97
ITEM_232,ORD_319,PROD_268,6,78.57,66.26
ITEM_233,ORD_342,PROD_231,1,26.21,5.82
ITEM_234,ORD_308,PROD_287,4,98.21,85.45
ITEM_235,ORD_282,PROD_453,5,495.27,94.08
ITEM_236,ORD_114,PROD_243,7,514.83,77.52
ITEM_237,ORD_217,PROD_491,9,506.69,28.6
ITEM_238,ORD_106,PROD_246,7,587.15,46.78
ITEM_239,ORD_200,PROD_223,4,577.03,83.14
ITEM_240,ORD_473,PROD_157,7,70.57,96.76
ITEM_241,ORD_54,PROD_92,6,154.18,85.38
ITEM_242,ORD_422,PROD_176,7,188.78,19.11
ITEM_243,ORD_255,PROD_290,6,19.16,64.07
ITEM_244,ORD_274,PROD_431,8,599.55,73.94
ITEM_245,ORD_499,PROD_213,7,149.3,43.7
ITEM_246,ORD_338,PROD_373,5,67.03,68.81
ITEM_247,ORD_215,PROD_422,7,438.69,10.54
ITEM_248,ORD_485,PROD_439,-1,249.06,55.29
ITEM_249,ORD_442,PROD_92,7,468.35,2.31
ITEM_250,ORD_29,PROD_205,8,479.49,88.85
ITEM_251,ORD_125,PROD_166,4,69.14,34.4
ITEM_252,ORD_117,PROD_45,9,537.26,20.46
ITEM_253,ORD_110,PROD_294,5,117.06,87.56
ITEM_254,ORD_384,PROD_422,8,50.17,86.63
ITEM_255,ORD_302,PROD_464,7,128.08,8.49
ITEM_256,ORD_225,PROD_404,8,509.41,36.14
ITEM_257,ORD_282,PROD_153,4,460.74,63.5
ITEM_258,ORD_117,PROD_317,10,404.74,61.64
ITEM_259,ORD_73,PROD_30,3,284.72,4.56
ITEM_260,ORD_478,PROD_122,8,175.0,51.81
ITEM_261,ORD_50,PROD_49,-2,215.03,99.15
ITEM_262,ORD_444,PROD_498,3,91.12,65.49
ITEM_263,ORD_454,PROD_187,4,420.53,84.11
ITEM_264,ORD_437,PROD_441,8,513.19,45.57
ITEM_265,ORD_401,PROD_2,-4,139.03,43.95
ITEM_266,ORD_210,PROD_302,10,119.05,29.76
ITEM_267,ORD_443,PROD_515,10,448.27,44.6
ITEM_268,ORD_99999,PROD_426,2,599.81,88.42
ITEM_269,ORD_458,PROD_220,10,312.05,5.92
ITEM_270,ORD_436,PROD_36,4,217.88,15.16
ITEM_271,ORD_42,PROD_417,4,54.97,39.77
ITEM_272,ORD_114,PROD_83,7,436.5,60.69
ITEM_273,ORD_282,PROD_185,6,116.08,58.27
ITEM_274,ORD_454,PROD_456,3,481.2,16.09
ITEM_275,ORD_57,PROD_26,1,103.31,23.22
ITEM_276,ORD_324,PROD_190,7,269.18,45.67
ITEM_277,ORD_154,PROD_95,5,232.52,97.88
ITEM_278,ORD_136,PROD_296,4,591.91,21.95
ITEM_279,ORD_317,PROD_452,5,217.41,1.28
ITEM_280,ORD_475,PROD_481,2,526.92,84.62
ITEM_281,ORD_424,PROD_359,3,250.32,57.1
ITEM_282,ORD_232,PROD_234,8,261.99,56.71
ITEM_283,ORD_108,PROD_198,-3,50.14,88.11
ITEM_284,ORD_292,PROD_444,5,329.69,63.87
ITEM_285,ORD_103,PROD_408,4,395.32,31.5
ITEM_286,ORD_463,PROD_217,7,368.78,73.9
ITEM_287,ORD_151,PROD_271,8,301.07,50.88
ITEM_288,ORD_226,PROD_474,2,348.34,7.38
ITEM_289,ORD_17,PROD_78,9,85.7,16.73
ITEM_290,ORD_314,PROD_127,5,353.92,21.12
ITEM_291,ORD_107,PROD_432,4,69.26,22.34
ITEM_292,ORD_320,PROD_145,6,278.83,78.11
ITEM_293,ORD_265,PROD_445,3,88.1,5.91
ITEM_294,ORD_315,PROD_434,8,404.07,5.86
ITEM_295,ORD_94,PROD_197,9,217.32,19.15
ITEM_296,ORD_117,PROD_448,5,575.95,48.11
ITEM_297,ORD_474,PROD_232,10,108.38,2.07
ITEM_298,ORD_226,PROD_305,3,411.31,48.77
ITEM_299,ORD_179,PROD_359,7,211.89,6.26
ITEM_300,ORD_237,PROD_426,4,291.02,29.44
ITEM_301,ORD_334,PROD_110,5,59.54,10.93
ITEM_302,ORD_295,PROD_20,1,256.2,59.86
ITEM_303,ORD_507,PROD_405,5,217.17,8.88
ITEM_304,ORD_234,PROD_124,8,58.04,94.17
ITEM_305,ORD_228,PROD_469,1,398.58,27.78
ITEM_306,ORD_310,PROD_159,9,113.46,97.4
ITEM_307,ORD_88,PROD_178,10,19.03,61.84
ITEM_308,ORD_19,PROD_328,6,78.14,39.78
ITEM_309,ORD_473,PROD_15,6,76.72,96.16
ITEM_310,ORD_232,PROD_155,6,130.94,59.88
ITEM_311,ORD_366,PROD_313,5,353.25,82.08
ITEM_312,ORD_30,PROD_357,2,332.08,58.75
ITEM_313,ORD_14,PROD_439,8,488.89,55.07
ITEM_314,ORD_498,PROD_40,8,222.03,89.95
ITEM_315,ORD_382,PROD_300,7,584.18,43.07
ITEM_316,ORD_453,PROD_208,5,572.94,65.43
ITEM_317,ORD_358,PROD_79,7,254.48,91.38
ITEM_318,ORD_242,PROD_91,3,466.32,22.79
ITEM_319,ORD_349,PROD_322,5,107.32,43.99
ITEM_320,ORD_50,PROD_272,6,427.99,37.95
ITEM_321,ORD_58,PROD_329,10,121.65,78.35
ITEM_322,ORD_2,PROD_503,9,62.78,95.66
ITEM_323,ORD_100,PROD_301,2,252.91,79.29
ITEM_324,ORD_222,PROD_328,6,262.54,89.17
ITEM_325,ORD_32,PROD_300,9,209.52,22.5
ITEM_326,ORD_234,PROD_80,2,534.64,19.05
ITEM_327,ORD_491,PROD_230,10,487.92,39.94
ITEM_328,ORD_189,PROD_169,8,316.47,26.32
ITEM_329,ORD_229,PROD_108,7,31.61,42.36
ITEM_330,ORD_301,PROD_121,8,126.82,0.04
ITEM_331,ORD_269,PROD_465,2,121.18,27.85
ITEM_332,ORD_426,PROD_415,2,165.54,61.34
ITEM_333,ORD_238,PROD_305,4,497.54,85.2
ITEM_334,ORD_517,PROD_62,3,507.47,6.26
ITEM_335,ORD_399,PROD_493,4,64.6,25.66
ITEM_336,ORD_10,PROD_427,4,192.9,10.42
ITEM_337,ORD_449,PROD_75,5,493.53,17.22
ITEM_338,ORD_257,PROD_100,9,544.99,92.43
ITEM_339,ORD_358,PROD_328,5,462.35,80.81
ITEM_340,ORD_494,PROD_135,10,561.12,24.21
ITEM_341,ORD_34,PROD_295,9,235.55,46.22
ITEM_342,ORD_250,PROD_131,10,449.83,38.97
ITEM_343,ORD_310,PROD_155,8,372.82,3.48
ITEM_344,ORD_290,PROD_81,10,221.49,1.11
ITEM_345,ORD_520,PROD_197,3,70.07,19.42
ITEM_346,ORD_157,PROD_133,3,452.29,82.46
ITEM_347,ORD_164,PROD_360,2,82.02,28.55
ITEM_348,ORD_169,PROD_308,9,323.11,78.02
ITEM_349,ORD_451,PROD_247,3,473.75,99.7
ITEM_350,ORD_217,PROD_503,5,261.72,72.36
ITEM_351,ORD_77,PROD_302,6,240.84,94.27
ITEM_352,ORD_242,PROD_175,5,234.08,87.36
ITEM_353,ORD_414,PROD_423,9,313.09,41.58
ITEM_354,ORD_422,PROD_308,10,55.84,82.48
ITEM_355,ORD_246,PROD_444,4,587.99,59.54
ITEM_356,ORD_158,PROD_490,7,583.93,84.95
ITEM_357,ORD_241,PROD_140,3,121.7,97.92
ITEM_358,ORD_89,PROD_342,8,459.35,8.6
ITEM_359,ORD_120,PROD_308,1,120.76,26.34
ITEM_360,ORD_82,PROD_186,8,329.35,1.22
ITEM_361,ORD_339,PROD_35,8,29.64,85.7
ITEM_362,ORD_288,PROD_269,1,246.38,46.18
ITEM_363,ORD_454,PROD_349,5,201.1,37.6
ITEM_364,ORD_246,PROD_321,9,224.63,6.92
ITEM_365,ORD_237,PROD_18,6,18.58,0.51
ITEM_366,ORD_256,PROD_64,1,191.72,79.29
ITEM_367,ORD_127,PROD_16,1,234.81,37.36
ITEM_368,ORD_77,PROD_246,6,181.71,19.69
ITEM_369,ORD_179,PROD_334,-3,256.04,44.84
ITEM_370,ORD_464,PROD_109,10,587.34,49.48
ITEM_371,ORD_225,PROD_98,9,399.73,95.92
ITEM_372,ORD_232,PROD_340,5,519.44,22.28
ITEM_373,ORD_196,PROD_259,10,28.66,99.64
ITEM_374,ORD_377,PROD_449,8,301.28,63.2
ITEM_375,ORD_327,PROD_190,3,377.63,49.41
ITEM_376,ORD_506,PROD_59,4,378.06,38.47
ITEM_377,ORD_162,PROD_447,7,387.95,29.9
ITEM_378,ORD_70,PROD_330,7,297.2,32.18
ITEM_379,ORD_456,PROD_100,3,60.6,60.01
ITEM_380,ORD_119,PROD_459,10,588.27,35.78
ITEM_381,ORD_152,PROD_28,5,147.78,21.14
ITEM_382,ORD_233,PROD_22,10,427.84,58.62
ITEM_383,ORD_291,PROD_18,9,527.14,69.01
ITEM_384,ORD_476,PROD_186,10,560.76,87.29
ITEM_385,ORD_150,PROD_226,5,368.71,47.18
ITEM_386,ORD_159,PROD_380,2,374.36,45.21
ITEM_387,ORD_450,PROD_223,5,52.05,7.42
ITEM_388,ORD_176,PROD_146,6,402.6,74.36
ITEM_389,ORD_398,PROD_388,1,177.41,55.82
ITEM_390,ORD_72,PROD_351,9,218.02,70.58
ITEM_391,ORD_454,PROD_231,6,485.7,27.46
ITEM_392,ORD_159,PROD_121,2,248.86,49.29
ITEM_393,ORD_300,PROD_519,9,178.78,87.66
ITEM_394,ORD_229,PROD_302,8,219.4,92.71
ITEM_395,ORD_88,PROD_430,2,129.73,3.62
ITEM_396,ORD_21,PROD_512,6,249.51,69.06
ITEM_397,ORD_38,PROD_27,5,490.53,42.14
ITEM_398,ORD_83,PROD_518,-5,207.8,52.12
ITEM_399,ORD_99999,PROD_91,3,133.66,11.93
ITEM_400,ORD_200,PROD_181,4,305.63,26.49
ITEM_401,ORD_57,PROD_519,3,66.86,16.64
ITEM_402,ORD_393,PROD_351,8,560.96,66.85
ITEM_403,ORD_393,PROD_400,10,402.0,74.78
ITEM_404,ORD_344,PROD_329,5,167.81,59.53
ITEM_405,ORD_200,PROD_86,3,346.59,54.15
ITEM_406,ORD_124,PROD_224,3,311.09,63.63
ITEM_407,ORD_58,PROD_289,8,58.77,2.02
ITEM_408,ORD_500,PROD_160,9,419.29,15.0
ITEM_409,ORD_269,PROD_164,3,277.05,58.74
ITEM_410,ORD_243,PROD_240,10,402.75,17.32
ITEM_411,ORD_49,PROD_466,7,28.48,41.63
ITEM_412,ORD_132,PROD_333,9,521.37,75.33
ITEM_413,ORD_278,PROD_160,9,373.22,72.3
ITEM_414,ORD_277,PROD_450,1,470.92,89.22
ITEM_415,ORD_304,PROD_13,6,259.12,17.95
ITEM_416,ORD_403,PROD_353,4,357.44,46.83
ITEM_417,ORD_124,PROD_138,8,275.05,40.68
ITEM_418,ORD_92,PROD_40,1,156.77,36.07
ITEM_419,ORD_70,PROD_182,6,133.6,91.45
ITEM_420,ORD_201,PROD_353,5,436.23,51.47
ITEM_421,ORD_25,PROD_330,7,541.69,33.44
ITEM_422,ORD_72,PROD_65,4,248.39,73.49
ITEM_423,ORD_89,PROD_155,1,228.25,36.14
ITEM_424,ORD_508,PROD_156,4,115.62,14.7
ITEM_425,ORD_402,PROD_159,10,529.56,63.64
ITEM_426,ORD_391,PROD_457,3,77.41,91.85
ITEM_427,ORD_171,PROD_464,9,383.45,52.68
ITEM_428,ORD_184,PROD_8,3,379.18,1.29
ITEM_429,ORD_291,PROD_289,10,467.1,86.5
ITEM_430,ORD_238,PROD_447,9,420.5,91.91
ITEM_431,ORD_167,PROD_251,9,451.51,60.17
ITEM_432,ORD_249,PROD_319,5,426.32,81.86
ITEM_433,ORD_190,PROD_107,1,261.65,69.42
ITEM_434,ORD_333,PROD_260,5,355.74,70.17
ITEM_435,ORD_417,PROD_388,2,34.74,78.79
ITEM_436,ORD_443,PROD_330,4,236.98,7.85
ITEM_437,ORD_486,PROD_172,6,71.32,55.88
ITEM_438,ORD_47,PROD_401,3,311.07,38.88
ITEM_439,ORD_344,PROD_150,10,552.03,42.93
ITEM_440,ORD_24,PROD_232,9,426.76,96.31
ITEM_441,ORD_304,PROD_313,3,63.61,6.59
ITEM_442,ORD_137,PROD_482,-2,49.92,13.9
ITEM_443,ORD_75,PROD_423,4,121.43,18.95
ITEM_444,ORD_335,PROD_188,8,84.46,63.13
ITEM_445,ORD_153,PROD_453,5,267.86,76.21
ITEM_446,ORD_449,PROD_248,4,42.67,11.76
ITEM_447,ORD_60,PROD_366,5,345.37,39.22
ITEM_448,ORD_2,PROD_453,5,238.45,47.12
ITEM_449,ORD_106,PROD_422,8,404.6,32.47
ITEM_450,ORD_325,PROD_194,1,134.84,16.63
ITEM_451,ORD_380,PROD_69,1,201.54,86.52
ITEM_452,ORD_120,PROD_185,-3,505.62,96.89
ITEM_453,ORD_191,PROD_443,10,104.38,73.18
ITEM_454,ORD_298,PROD_489,4,304.36,36.86
ITEM_455,ORD_237,PROD_451,9,423.37,11.02
ITEM_456,ORD_107,PROD_467,8,37.45,44.81
ITEM_457,ORD_207,PROD_33,-3,518.49,93.51
ITEM_458,ORD_230,PROD_470,2,131.95,23.17
ITEM_459,ORD_99999,PROD_43,8,252.09,99.7
ITEM_460,ORD_311,PROD_408,10,572.35,72.41
ITEM_461,ORD_177,PROD_127,3,65.87,24.22
ITEM_462,ORD_62,PROD_66,5,83.58,40.74
ITEM_463,ORD_275,PROD_152,10,405.95,90.11
ITEM_464,ORD_122,PROD_28,-4,343.15,97.69
ITEM_465,ORD_26,PROD_133,-5,258.65,32.43
ITEM_466,ORD_464,PROD_243,4,333.2,41.8
ITEM_467,ORD_70,PROD_442,4,594.59,91.97
ITEM_468,ORD_350,PROD_509,9,503.29,98.67
ITEM_469,ORD_432,PROD_296,8,107.95,82.83
ITEM_470,ORD_71,PROD_389,8,17.94,15.61
ITEM_471,ORD_136,PROD_271,4,593.23,79.59
ITEM_472,ORD_136,PROD_58,3,101.33,36.9
ITEM_473,ORD_373,PROD_323,1,163.72,51.38
ITEM_474,ORD_277,PROD_510,4,528.8,86.8
ITEM_475,ORD_128,PROD_116,5,394.54,36.33
ITEM_476,ORD_98,PROD_349,1,191.27,2.47
ITEM_477,ORD_99999,PROD_327,1,511.37,50.32
ITEM_478,ORD_365,PROD_118,9,427.35,0.09
ITEM_479,ORD_15,PROD_211,6,114.47,80.18
ITEM_480,ORD_245,PROD_193,6,377.26,4.69
ITEM_481,ORD_267,PROD_438,7,22.8,82.98
ITEM_482,ORD_219,PROD_335,1,232.1,29.46
ITEM_483,ORD_223,PROD_85,7,448.54,79.97
ITEM_484,ORD_152,PROD_178,-4,227.61,12.03
ITEM_485,ORD_470,PROD_159,5,571.73,18.14
ITEM_486,ORD_111,PROD_369,2,163.16,47.28
ITEM_487,ORD_266,PROD_149,4,434.01,97.99
ITEM_488,ORD_111,PROD_294,4,530.99,52.05
ITEM_489,ORD_429,PROD_43,3,47.38,42.03
ITEM_490,ORD_239,PROD_405,8,235.13,32.53
ITEM_491,ORD_32,PROD_338,6,387.1,75.02
ITEM_492,ORD_125,PROD_461,6,355.85,93.64
ITEM_493,ORD_190,PROD_316,9,122.32,17.47
ITEM_494,ORD_99999,PROD_235,2,435.92,65.6
ITEM_495,ORD_274,PROD_216,5,333.24,58.19
ITEM_496,ORD_398,PROD_466,3,98.23,17.61
ITEM_497,ORD_267,PROD_447,1,199.31,43.9
ITEM_498,ORD_289,PROD_21,3,510.34,21.2
ITEM_499,ORD_514,PROD_320,2,571.86,59.13
ITEM_500,ORD_4,PROD_337,5,462.49,39.4
ITEM_501,ORD_349,PROD_377,8,470.58,68.73
ITEM_502,ORD_443,PROD_481,3,437.73,7.53
ITEM_503,ORD_394,PROD_396,1,552.16,5.78
ITEM_504,ORD_474,PROD_359,8,300.85,56.88
ITEM_505,ORD_499,PROD_513,6,448.72,76.61
ITEM_506,ORD_149,PROD_276,8,134.09,10.95
ITEM_507,ORD_39,PROD_441,1,329.73,19.55
ITEM_508,ORD_423,PROD_157,10,151.66,93.73
ITEM_509,ORD_272,PROD_97,6,372.98,29.47
ITEM_510,ORD_309,PROD_108,6,394.77,32.9
ITEM_511,ORD_41,PROD_53,6,570.77,5.91
ITEM_512,ORD_443,PROD_103,3,36.7,87.11
ITEM_513,ORD_312,PROD_76,1,212.13,59.63
ITEM_514,ORD_268,PROD_250,2,578.76,92.38
ITEM_515,ORD_379,PROD_114,2,190.14,4.34
ITEM_516,ORD_340,PROD_410,1,218.88,51.19
ITEM_517,ORD_406,PROD_507,7,182.63,38.32
ITEM_518,ORD_326,PROD_37,-5,402.69,78.91
ITEM_519,ORD_348,PROD_162,10,591.94,97.42
ITEM_520,ORD_506,PROD_471,7,472.59,36.58
